{"entities":{"pages":{"Welcome-to-the-Wiki":{"id":"Welcome-to-the-Wiki","title":"Welcome to the WIki","url":"welcome-to-the-wiki.html","level":0,"tabIndex":0},"AnturniaQuests":{"id":"AnturniaQuests","title":"AnturniaQuests","url":"anturniaquests.html","level":0,"pages":["Config-yml-Configuration","Quests-yml-Configuration","Storylines-yml-Configuration","anturniaquests-commands","anturniaquests-permissions","PlaceholderAPI-support"],"tabIndex":1},"Config-yml-Configuration":{"id":"Config-yml-Configuration","title":"Config.yml Configuration","url":"config-yml-configuration.html","level":1,"parentId":"AnturniaQuests","tabIndex":0},"Quests-yml-Configuration":{"id":"Quests-yml-Configuration","title":"Quests.yml Configuration","url":"quests-yml-configuration.html","level":1,"parentId":"AnturniaQuests","tabIndex":1},"Storylines-yml-Configuration":{"id":"Storylines-yml-Configuration","title":"Storylines.yml Configuration","url":"storylines-yml-configuration.html","level":1,"parentId":"AnturniaQuests","tabIndex":2},"anturniaquests-commands":{"id":"anturniaquests-commands","title":"Commands","url":"anturniaquests-commands.html","level":1,"parentId":"AnturniaQuests","tabIndex":3},"anturniaquests-permissions":{"id":"anturniaquests-permissions","title":"Permissions","url":"anturniaquests-permissions.html","level":1,"parentId":"AnturniaQuests","tabIndex":4},"PlaceholderAPI-support":{"id":"PlaceholderAPI-support","title":"PlaceholderAPI support","url":"placeholderapi-support.html","level":1,"parentId":"AnturniaQuests","tabIndex":5},"LogicLobby":{"id":"LogicLobby","title":"LogicLobby","url":"logiclobby.html","level":0,"pages":["Permissions","Commands","Config-yml"],"tabIndex":2},"Permissions":{"id":"Permissions","title":"Permissions","url":"permissions.html","level":1,"parentId":"LogicLobby","tabIndex":0},"Commands":{"id":"Commands","title":"Commands","url":"commands.html","level":1,"parentId":"LogicLobby","tabIndex":1},"Config-yml":{"id":"Config-yml","title":"Config.yml","url":"config-yml.html","level":1,"parentId":"LogicLobby","tabIndex":2},"LogicTags":{"id":"LogicTags","title":"LogicTags","url":"logictags.html","level":0,"tabIndex":3},"LogicChatManager":{"id":"LogicChatManager","title":"LogicChatManager","url":"logicchatmanager.html","level":0,"tabIndex":4},"Minecraft-stuff":{"id":"Minecraft-stuff","title":"Minecraft stuff","url":"minecraft-stuff.html","level":0,"tabIndex":5}}},"topLevelIds":["Welcome-to-the-Wiki","AnturniaQuests","LogicLobby","LogicTags","LogicChatManager","Minecraft-stuff"]}